sentence_id,event_id,event,verb_start_byte,verb_end_byte,verb_start_byte_text,verb_end_byte_text,coref_id,arg_start_byte_sentence,arg_end_byte_sentence,arg_start_byte_text,arg_end_byte_text,adobj_start_bytes,adobj_end_bytes,adobj_start_bytes_text,adobj_end_bytes_text,supersense_category,temporal_rank,argument,name,name_mentions,pronoun_mentions,total_mentions,gender,gender_certainty,importance
1,2,caught,62,68,136,142,2,45.0,58.0,119.0,132.0,,,,,verb.contact,1,subject,a fisherman who had a wife and three children,1,8,9,female,1.0,tertiary
1,3,sold,72,76,146,150,2,45.0,68.0,119.0,142.0,,,,,verb.possession,3,subject,a fisherman who had a wife and three children,1,8,9,female,1.0,tertiary
2,0,caught,36,42,200,206,2,33.0,35.0,197.0,199.0,,,,,verb.contact,2,subject,a fisherman who had a wife and three children,1,8,9,female,1.0,tertiary
3,1,put,21,24,243,246,2,18.0,20.0,240.0,242.0,,,,,verb.contact,4,subject,a fisherman who had a wife and three children,1,8,9,female,1.0,tertiary
4,1,cleaning,39,47,441,449,2,10.0,34.0,412.0,436.0,,,,,verb.contact,5,subject,a fisherman who had a wife and three children,1,8,9,female,1.0,tertiary
4,1,cleaning,39,47,441,449,8,10.0,34.0,412.0,436.0,,,,,verb.contact,5,subject,a fisherman who had a wife and three children's wife,4,10,14,female,1.0,tertiary
4,1,cleaning,39,47,441,449,7,10.0,34.0,412.0,436.0,,,,,verb.contact,5,subject,The old woman,5,12,17,female,1.0,tertiary
4,5,heard,129,134,531,536,7,116.0,119.0,518.0,521.0,,,,,verb.perception,6,subject,The old woman,5,12,17,female,1.0,tertiary
4,9,lets,195,199,597,601,7,176.0,189.0,578.0,591.0,,,,,verb.contact,7,subject,The old woman,5,12,17,female,1.0,tertiary
4,11,seen,212,216,614,618,7,200.0,208.0,602.0,610.0,,,,,verb.perception,9,subject,The old woman,5,12,17,female,1.0,tertiary
5,1,saw,43,46,664,667,7,39.0,42.0,660.0,663.0,,,,,verb.perception,11,subject,The old woman,5,12,17,female,1.0,tertiary
7,1,speak,8,13,721,726,0,0.0,3.0,713.0,716.0,,,,,verb.communication,10,subject,the Crab,8,7,15,male,1.0,tertiary
8,0,said,4,8,763,767,7,0.0,3.0,759.0,762.0,,,,,verb.communication,13,subject,The old woman,5,12,17,female,1.0,tertiary
9,0,took,9,13,831,835,7,5.0,8.0,827.0,830.0,18.0,20.0,840.0,842.0,verb.possession,12,subject,The old woman,5,12,17,female,1.0,tertiary
9,1,placed,25,31,847,853,7,5.0,8.0,827.0,830.0,,,,,verb.contact,14,subject,The old woman,5,12,17,female,1.0,tertiary
10,3,saying,101,107,970,976,14,77.0,100.0,946.0,969.0,,,,,verb.communication,15,subject,the Crab,10,32,42,male,1.0,primary
12,0,came,17,21,1086,1090,15,5.0,16.0,1074.0,1085.0,,,,,verb.motion,19,subject,The old man,9,20,29,male,1.0,secondary
12,4,found,87,92,1156,1161,15,84.0,86.0,1153.0,1155.0,,,,,verb.cognition,20,subject,The old man,9,20,29,male,1.0,secondary
12,6,became,159,165,1228,1234,15,151.0,153.0,1220.0,1222.0,,,,,verb.change,21,subject,The old man,9,20,29,male,1.0,secondary
13,0,said,17,21,1275,1279,0,8.0,16.0,1266.0,1274.0,,,,,verb.communication,22,subject,the Crab,8,7,15,male,1.0,tertiary
13,3,wish,78,82,1336,1340,0,76.0,77.0,1334.0,1335.0,,,,,verb.emotion,23,subject,the Crab,8,7,15,male,1.0,tertiary
13,4,marry,86,91,1344,1349,0,76.0,77.0,1334.0,1335.0,,,,,verb.social,25,subject,the Crab,8,7,15,male,1.0,tertiary
14,0,went,14,18,1387,1391,7,0.0,13.0,1373.0,1386.0,,,,,verb.motion,26,subject,The old woman,5,12,17,female,1.0,tertiary
14,1,laid,36,40,1409,1413,7,0.0,13.0,1373.0,1386.0,,,,,verb.cognition,27,subject,The old woman,5,12,17,female,1.0,tertiary
14,2,laughed,73,80,1446,1453,5,59.0,67.0,1432.0,1440.0,,,,,verb.body,29,subject,the King,12,23,35,male,1.0,secondary
14,3,marrying,120,128,1493,1501,5,107.0,119.0,1480.0,1492.0,,,,,verb.social,28,subject,the King,12,23,35,male,1.0,secondary
14,3,marrying,120,128,1493,1501,20,107.0,119.0,1480.0,1492.0,,,,,verb.social,28,subject,the King's daughter,2,1,3,female,1.0,tertiary
14,5,decline,149,156,1522,1529,5,59.0,67.0,1432.0,1440.0,170.0,214.0,1543.0,1587.0,verb.possession,30,subject,the King,12,23,35,male,1.0,secondary
14,7,knew,220,224,1593,1597,5,59.0,67.0,1432.0,1440.0,,,,,verb.cognition,31,subject,the King,12,23,35,male,1.0,secondary
15,0,said,3,7,1654,1658,5,0.0,2.0,1651.0,1653.0,,,,,verb.communication,32,subject,the King,12,23,35,male,1.0,secondary
15,4,give,86,90,1737,1741,5,79.0,80.0,1730.0,1731.0,,,,,verb.possession,35,subject,the King,12,23,35,male,1.0,secondary
15,6,build,138,143,1789,1794,14,131.0,133.0,1782.0,1784.0,,,,,verb.creation,36,subject,the Crab,10,32,42,male,1.0,primary
16,1,gave,35,39,1948,1952,16,0.0,20.0,1913.0,1933.0,,,,,verb.communication,37,subject,the fisherman,4,0,4,unknown,0.0,tertiary
16,1,gave,35,39,1948,1952,17,0.0,20.0,1913.0,1933.0,,,,,verb.communication,37,subject,the fisherman 's wife,3,2,5,female,1.0,tertiary
17,0,gave,14,18,1981,1985,14,5.0,13.0,1972.0,1980.0,,,,,verb.possession,38,subject,the Crab,10,32,42,male,1.0,primary
17,1,said,41,45,2008,2012,14,5.0,13.0,1972.0,1980.0,,,,,verb.communication,41,subject,the Crab,10,32,42,male,1.0,primary
17,4,showed,132,138,2099,2105,5,107.0,116.0,2074.0,2083.0,,,,,verb.perception,39,subject,the King,12,23,35,male,1.0,secondary
19,0,awoke,32,37,2232,2237,5,23.0,31.0,2223.0,2231.0,,,,,verb.body,42,subject,the King,12,23,35,male,1.0,secondary
19,2,think,51,56,2251,2256,7,47.0,50.0,2247.0,2250.0,,,,,verb.cognition,45,subject,The old woman,5,12,17,female,1.0,tertiary
19,3,saw,60,63,2260,2263,5,39.0,43.0,2239.0,2243.0,,,,,verb.perception,44,subject,the King,12,23,35,male,1.0,secondary
20,2,bespoken,56,64,2321,2329,5,49.0,51.0,2314.0,2316.0,,,,,verb.communication,43,subject,the King,12,23,35,male,1.0,secondary
21,1,said,45,49,2379,2383,7,5.0,18.0,2339.0,2352.0,,,,,verb.communication,47,subject,The old woman,5,12,17,female,1.0,tertiary
21,4,fulfilled,91,100,2425,2434,5,59.0,80.0,2393.0,2414.0,,,,,verb.social,46,subject,the King,12,23,35,male,1.0,secondary
21,4,fulfilled,91,100,2425,2434,148,59.0,80.0,2393.0,2414.0,,,,,verb.social,46,subject,the King's Majesty,1,0,1,unknown,0.0,tertiary
23,1,strike,24,30,2706,2712,7,3.0,16.0,2685.0,2698.0,,,,,verb.contact,49,subject,The old woman,5,12,17,female,1.0,tertiary
24,0,gave,13,17,2817,2821,5,0.0,8.0,2804.0,2812.0,,,,,verb.communication,50,subject,the King,12,23,35,male,1.0,secondary
25,0,said,14,18,2898,2902,14,5.0,13.0,2889.0,2897.0,,,,,verb.communication,51,subject,the Crab,10,32,42,male,1.0,primary
27,2,ask,36,39,3024,3027,153,6.0,17.0,2994.0,3005.0,,,,,verb.communication,53,subject,a black man,2,0,2,male,1.0,tertiary
27,3,wish,53,57,3041,3045,38,49.0,52.0,3037.0,3040.0,,,,,verb.emotion,52,subject,the old fisherman,1,6,7,male,1.0,tertiary
28,2,sent,47,51,3098,3102,5,20.0,41.0,3071.0,3092.0,,,,,verb.communication,54,subject,the King,12,23,35,male,1.0,secondary
28,2,sent,47,51,3098,3102,154,20.0,41.0,3071.0,3092.0,,,,,verb.communication,54,subject,the King's master,2,3,5,male,1.0,tertiary
28,3,tell,58,62,3109,3113,14,52.0,54.0,3103.0,3105.0,,,,,verb.communication,56,subject,the Crab,10,32,42,male,1.0,primary
28,5,send,81,85,3132,3136,38,72.0,75.0,3123.0,3126.0,,,,,verb.communication,57,subject,the old fisherman,1,6,7,male,1.0,tertiary
29,1,give,11,15,3194,3198,154,7.0,10.0,3190.0,3193.0,21.0,28.0,3204.0,3211.0,verb.possession,59,subject,the King's master,2,3,5,male,1.0,tertiary
31,0,went,12,16,3373,3377,15,0.0,11.0,3361.0,3372.0,,,,,verb.motion,62,subject,The old man,9,20,29,male,1.0,secondary
31,1,did,21,24,3382,3385,15,0.0,11.0,3361.0,3372.0,,,,,verb.social,64,subject,The old man,9,20,29,male,1.0,secondary
32,1,brought,12,19,3410,3417,15,5.0,7.0,3403.0,3405.0,,,,,verb.contact,63,subject,The old man,9,20,29,male,1.0,secondary
32,3,crept,84,89,3482,3487,14,40.0,48.0,3438.0,3446.0,,,,,verb.motion,65,subject,the Crab,10,32,42,male,1.0,primary
32,4,carried,145,152,3543,3550,16,131.0,144.0,3529.0,3542.0,157.0,227.0,3555.0,3625.0,verb.contact,66,subject,the fisherman,4,0,4,unknown,0.0,tertiary
32,5,presented,187,196,3585,3594,14,178.0,186.0,3576.0,3584.0,,,,,verb.possession,67,subject,the Crab,10,32,42,male,1.0,primary
33,2,made,84,88,3711,3715,14,75.0,83.0,3702.0,3710.0,,,,,verb.change,68,subject,the Crab,10,32,42,male,1.0,primary
33,3,told,126,130,3753,3757,14,75.0,83.0,3702.0,3710.0,,,,,verb.communication,70,subject,the Crab,10,32,42,male,1.0,primary
33,6,enchanted,204,213,3831,3840,14,197.0,199.0,3824.0,3826.0,,,,,verb.emotion,69,subject,the Crab,10,32,42,male,1.0,primary
34,1,change,19,25,3921,3927,14,5.0,7.0,3907.0,3909.0,48.0,69.0,3950.0,3971.0,verb.change,71,subject,the Crab,10,32,42,male,1.0,primary
34,2,wished,63,69,3965,3971,14,60.0,62.0,3962.0,3964.0,,,,,verb.emotion,72,subject,the Crab,10,32,42,male,1.0,primary
35,1,said,17,21,3990,3994,14,14.0,16.0,3987.0,3989.0,,,,,verb.communication,74,subject,the Crab,10,32,42,male,1.0,primary
35,2,shook,35,40,4008,4013,14,32.0,34.0,4005.0,4007.0,,,,,verb.contact,73,subject,the Crab,10,32,42,male,1.0,primary
35,5,forced,119,125,4092,4098,14,112.0,114.0,4085.0,4087.0,,,,,verb.social,75,subject,the Crab,10,32,42,male,1.0,primary
35,6,creep,129,134,4102,4107,14,112.0,114.0,4085.0,4087.0,,,,,verb.motion,77,subject,the Crab,10,32,42,male,1.0,primary
37,0,behaved,83,90,4262,4269,54,79.0,82.0,4258.0,4261.0,,,,,verb.body,76,subject,The Princess,13,50,63,female,1.0,primary
37,1,surprised,99,108,4278,4287,54,4.0,97.0,4183.0,4276.0,126.0,135.0,4305.0,4314.0,verb.emotion,79,subject,The Princess,13,50,63,female,1.0,primary
37,1,surprised,99,108,4278,4287,0,4.0,97.0,4183.0,4276.0,126.0,135.0,4305.0,4314.0,verb.emotion,79,subject,the Crab,8,7,15,male,1.0,tertiary
37,1,surprised,99,108,4278,4287,14,4.0,97.0,4183.0,4276.0,126.0,135.0,4305.0,4314.0,verb.emotion,79,subject,the Crab,10,32,42,male,1.0,primary
38,0,suspected,5,14,4321,4330,55,0.0,4.0,4316.0,4320.0,,,,,verb.cognition,78,subject,the royal family,1,3,4,group/nonbinary,1.0,tertiary
38,1,spied,44,49,4360,4365,55,39.0,43.0,4355.0,4359.0,,,,,verb.perception,80,subject,the royal family,1,3,4,group/nonbinary,1.0,tertiary
38,2,spied,54,59,4370,4375,55,39.0,43.0,4355.0,4359.0,,,,,verb.communication,81,subject,the royal family,1,3,4,group/nonbinary,1.0,tertiary
38,4,discover,76,84,4392,4400,55,61.0,65.0,4377.0,4381.0,,,,,verb.perception,82,subject,the royal family,1,3,4,group/nonbinary,1.0,tertiary
39,1,had,42,45,4447,4450,54,29.0,41.0,4434.0,4446.0,,,,,verb.possession,83,subject,The Princess,13,50,63,female,1.0,primary
39,2,called,62,68,4467,4473,54,46.0,51.0,4451.0,4456.0,,,,,verb.communication,84,subject,The Princess,13,50,63,female,1.0,primary
39,2,called,62,68,4467,4473,57,46.0,51.0,4451.0,4456.0,,,,,verb.communication,84,subject,a son,1,0,1,unknown,0.0,tertiary
40,0,thought,21,28,4505,4512,54,4.0,14.0,4488.0,4498.0,,,,,verb.cognition,85,subject,The Princess,13,50,63,female,1.0,primary
40,0,thought,21,28,4505,4512,58,4.0,14.0,4488.0,4498.0,,,,,verb.cognition,85,subject,The Princess's mother,4,2,6,female,1.0,tertiary
41,0,said,12,16,4556,4560,54,8.0,11.0,4552.0,4555.0,,,,,verb.communication,86,subject,The Princess,13,50,63,female,1.0,primary
41,2,ask,46,49,4590,4593,5,34.0,36.0,4578.0,4580.0,,,,,verb.communication,87,subject,the King,12,23,35,male,1.0,secondary
41,4,like,85,89,4629,4633,20,71.0,74.0,4615.0,4618.0,,,,,verb.emotion,88,subject,the King's daughter,2,1,3,female,1.0,tertiary
41,5,have,93,97,4637,4641,20,71.0,74.0,4615.0,4618.0,,,,,verb.social,89,subject,the King's daughter,2,1,3,female,1.0,tertiary
42,1,questioned,26,36,4705,4715,62,9.0,21.0,4688.0,4700.0,,,,,verb.communication,90,subject,the daughter,1,11,12,female,1.0,tertiary
42,2,answered,46,54,4725,4733,62,37.0,40.0,4716.0,4719.0,,,,,verb.communication,91,subject,the daughter,1,11,12,female,1.0,tertiary
42,5,have,103,107,4782,4786,62,101.0,102.0,4780.0,4781.0,,,,,verb.possession,92,subject,the daughter,1,11,12,female,1.0,tertiary
43,0,said,14,18,4803,4807,5,5.0,13.0,4794.0,4802.0,,,,,verb.communication,93,subject,the King,12,23,35,male,1.0,secondary
43,2,appoint,35,42,4824,4831,5,28.0,29.0,4817.0,4818.0,56.0,70.0,4845.0,4859.0,verb.social,94,subject,the King,12,23,35,male,1.0,secondary
43,4,invite,83,89,4872,4878,5,76.0,77.0,4865.0,4866.0,,,,,verb.communication,95,subject,the King,12,23,35,male,1.0,secondary
43,5,pleases,149,156,4938,4945,157,133.0,148.0,4922.0,4937.0,,,,,verb.emotion,96,subject,all the princes in the world,1,1,2,male,1.0,tertiary
43,5,pleases,149,156,4938,4945,159,133.0,148.0,4922.0,4937.0,,,,,verb.emotion,96,subject,all the princes in the world's one of them,1,0,1,male,1.0,tertiary
43,7,marry,172,177,4961,4966,62,162.0,165.0,4951.0,4954.0,,,,,verb.social,98,subject,the daughter,1,11,12,female,1.0,tertiary
44,0,told,28,32,5001,5005,54,15.0,27.0,4988.0,5000.0,,,,,verb.communication,97,subject,The Princess,13,50,63,female,1.0,primary
44,1,said,55,59,5028,5032,14,41.0,49.0,5014.0,5022.0,,,,,verb.communication,100,subject,the Crab,10,32,42,male,1.0,primary
44,7,say,160,163,5133,5136,153,130.0,141.0,5103.0,5114.0,,,,,verb.communication,101,subject,a black man,2,0,2,male,1.0,tertiary
44,9,called,188,194,5161,5167,62,184.0,187.0,5157.0,5160.0,,,,,verb.communication,99,subject,the daughter,1,11,12,female,1.0,tertiary
45,2,sent,43,47,5247,5251,5,18.0,38.0,5222.0,5242.0,58.0,134.0,5262.0,5338.0,verb.motion,102,subject,the King,12,23,35,male,1.0,secondary
45,2,sent,43,47,5247,5251,154,18.0,38.0,5222.0,5242.0,58.0,134.0,5262.0,5338.0,verb.motion,102,subject,the King's master,2,3,5,male,1.0,tertiary
45,2,sent,43,47,5247,5251,54,18.0,38.0,5222.0,5242.0,58.0,134.0,5262.0,5338.0,verb.motion,102,subject,The Princess,13,50,63,female,1.0,primary
45,3,tell,61,65,5265,5269,14,48.0,50.0,5252.0,5254.0,,,,,verb.communication,104,subject,the Crab,10,32,42,male,1.0,primary
45,4,send,73,77,5277,5281,54,66.0,69.0,5270.0,5273.0,,,,,verb.motion,105,subject,The Princess,13,50,63,female,1.0,primary
47,1,brought,25,32,5391,5398,54,0.0,12.0,5366.0,5378.0,,,,,verb.contact,107,subject,The Princess,13,50,63,female,1.0,primary
47,2,desired,45,52,5411,5418,14,37.0,41.0,5403.0,5407.0,,,,,verb.emotion,108,subject,the Crab,10,32,42,male,1.0,primary
48,1,dressed,33,40,5453,5460,67,22.0,32.0,5442.0,5452.0,49.0,67.0,5469.0,5487.0,verb.body,109,subject,the Prince,5,22,27,male,1.0,secondary
49,0,went,10,14,5499,5503,67,7.0,9.0,5496.0,5498.0,,,,,verb.motion,110,subject,the Prince,5,22,27,male,1.0,secondary
49,1,said,18,22,5507,5511,67,15.0,17.0,5504.0,5506.0,,,,,verb.communication,111,subject,the Prince,5,22,27,male,1.0,secondary
49,4,say,57,60,5546,5549,8,46.0,49.0,5535.0,5538.0,,,,,verb.communication,114,subject,a fisherman who had a wife and three children's wife,4,10,14,female,1.0,tertiary
49,5,see,70,73,5559,5562,8,66.0,69.0,5555.0,5558.0,,,,,verb.perception,113,subject,a fisherman who had a wife and three children's wife,4,10,14,female,1.0,tertiary
52,1,ride,8,12,5682,5686,67,1.0,2.0,5675.0,5676.0,,,,,verb.motion,116,subject,the Prince,5,22,27,male,1.0,secondary
52,2,throw,20,25,5694,5699,67,1.0,2.0,5675.0,5676.0,,,,,verb.contact,117,subject,the Prince,5,22,27,male,1.0,secondary
53,1,ask,34,37,5756,5759,164,29.0,33.0,5751.0,5755.0,,,,,verb.communication,118,subject,a fisherman who had a wife and three children's wife's sisters,1,1,2,female,1.0,tertiary
53,5,know,72,76,5794,5798,8,61.0,64.0,5783.0,5786.0,,,,,verb.cognition,119,subject,a fisherman who had a wife and three children's wife,4,10,14,female,1.0,tertiary
54,1,kissed,14,20,5815,5821,67,11.0,13.0,5812.0,5814.0,,,,,verb.contact,122,subject,the Prince,5,22,27,male,1.0,secondary
54,2,repeated,26,34,5827,5835,67,11.0,13.0,5812.0,5814.0,47.0,56.0,5848.0,5857.0,verb.communication,123,subject,the Prince,5,22,27,male,1.0,secondary
55,0,went,13,17,5887,5891,54,0.0,12.0,5874.0,5886.0,,,,,verb.motion,124,subject,The Princess,13,50,63,female,1.0,primary
55,1,looked,53,59,5927,5933,54,0.0,12.0,5874.0,5886.0,,,,,verb.perception,125,subject,The Princess,13,50,63,female,1.0,primary
56,1,threw,34,39,5990,5995,11,10.0,21.0,5966.0,5977.0,,,,,verb.contact,126,subject,The old woman's husband,6,8,14,male,1.0,tertiary
56,1,threw,34,39,5990,5995,54,10.0,21.0,5966.0,5977.0,,,,,verb.contact,126,subject,The Princess,13,50,63,female,1.0,primary
57,0,caught,4,10,6021,6027,54,0.0,3.0,6017.0,6020.0,14.0,25.0,6031.0,6042.0,verb.contact,127,subject,The Princess,13,50,63,female,1.0,primary
57,1,went,30,34,6047,6051,54,0.0,3.0,6017.0,6020.0,,,,,verb.motion,128,subject,The Princess,13,50,63,female,1.0,primary
58,3,care,59,63,6176,6180,54,39.0,42.0,6156.0,6159.0,,,,,verb.emotion,129,subject,The Princess,13,50,63,female,1.0,primary
59,0,appointed,14,23,6220,6229,74,1.0,3.0,6207.0,6209.0,,,,,verb.social,131,subject,The Princess's father,1,1,2,male,1.0,tertiary
60,0,gave,14,18,6265,6269,14,0.0,8.0,6251.0,6259.0,48.0,133.0,6299.0,6384.0,verb.communication,133,subject,the Crab,10,32,42,male,1.0,primary
60,1,received,94,102,6345,6353,54,74.0,83.0,6325.0,6334.0,,,,,verb.possession,132,subject,The Princess,13,50,63,female,1.0,primary
61,1,said,48,52,6434,6438,67,45.0,47.0,6431.0,6433.0,,,,,verb.communication,134,subject,the Prince,5,22,27,male,1.0,secondary
61,2,know,73,77,6459,6463,67,71.0,72.0,6457.0,6458.0,,,,,verb.cognition,135,subject,the Prince,5,22,27,male,1.0,secondary
61,4,betray,87,93,6473,6479,54,78.0,81.0,6464.0,6467.0,97.0,103.0,6483.0,6489.0,verb.communication,137,subject,The Princess,13,50,63,female,1.0,primary
62,0,swore,8,13,6500,6505,54,4.0,7.0,6496.0,6499.0,,,,,verb.communication,136,subject,The Princess,13,50,63,female,1.0,primary
62,2,tell,40,44,6532,6536,54,26.0,29.0,6518.0,6521.0,,,,,verb.communication,140,subject,The Princess,13,50,63,female,1.0,primary
63,0,repeated,8,16,6557,6565,67,0.0,2.0,6549.0,6551.0,,,,,verb.communication,139,subject,the Prince,5,22,27,male,1.0,secondary
64,1,standing,69,77,6662,6670,54,22.0,63.0,6615.0,6656.0,,,,,verb.contact,138,subject,The Princess,13,50,63,female,1.0,primary
64,1,standing,69,77,6662,6670,84,22.0,63.0,6615.0,6656.0,,,,,verb.contact,138,subject,sisters,1,0,1,female,1.0,tertiary
64,1,standing,69,77,6662,6670,58,22.0,63.0,6615.0,6656.0,,,,,verb.contact,138,subject,The Princess's mother,4,2,6,female,1.0,tertiary
64,2,galloped,113,121,6706,6714,67,93.0,103.0,6686.0,6696.0,,,,,verb.motion,141,subject,the Prince,5,22,27,male,1.0,secondary
64,3,threw,144,149,6737,6742,67,93.0,103.0,6686.0,6696.0,,,,,verb.possession,142,subject,the Prince,5,22,27,male,1.0,secondary
65,0,flew,16,20,6781,6785,54,5.0,15.0,6770.0,6780.0,,,,,verb.motion,143,subject,The Princess,13,50,63,female,1.0,primary
65,0,flew,16,20,6781,6785,58,5.0,15.0,6770.0,6780.0,,,,,verb.motion,143,subject,The Princess's mother,4,2,6,female,1.0,tertiary
65,1,gave,37,41,6802,6806,54,5.0,15.0,6770.0,6780.0,,,,,verb.possession,144,subject,The Princess,13,50,63,female,1.0,primary
65,1,gave,37,41,6802,6806,58,5.0,15.0,6770.0,6780.0,,,,,verb.possession,144,subject,The Princess's mother,4,2,6,female,1.0,tertiary
66,0,exclaimed,27,36,6921,6930,54,0.0,26.0,6894.0,6920.0,,,,,verb.communication,145,subject,The Princess,13,50,63,female,1.0,primary
66,0,exclaimed,27,36,6921,6930,87,0.0,26.0,6894.0,6920.0,,,,,verb.communication,145,subject,The Princess's Princess in her fright,1,0,1,female,1.0,tertiary
67,3,told,57,61,7017,7021,58,40.0,43.0,7000.0,7003.0,,,,,verb.communication,146,subject,The Princess's mother,4,2,6,female,1.0,tertiary
67,7,took,137,141,7097,7101,58,40.0,43.0,7000.0,7003.0,,,,,verb.contact,148,subject,The Princess's mother,4,2,6,female,1.0,tertiary
67,8,threw,152,157,7112,7117,54,0.0,10.0,6960.0,6970.0,,,,,verb.contact,147,subject,The Princess,13,50,63,female,1.0,primary
67,8,threw,152,157,7112,7117,58,0.0,10.0,6960.0,6970.0,,,,,verb.contact,147,subject,The Princess's mother,4,2,6,female,1.0,tertiary
68,0,cried,23,28,7159,7164,91,5.0,22.0,7141.0,7158.0,,,,,verb.communication,149,subject,the poor Princess,1,0,1,female,1.0,tertiary
71,1,dip,39,42,7342,7345,96,8.0,18.0,7311.0,7321.0,90.0,116.0,7393.0,7419.0,verb.contact,150,subject,an old man,1,18,19,male,1.0,tertiary
71,4,eat,85,88,7388,7391,96,46.0,62.0,7349.0,7365.0,,,,,verb.consumption,152,subject,an old man,1,18,19,male,1.0,tertiary
72,4,following,95,104,7570,7579,15,83.0,94.0,7558.0,7569.0,,,,,verb.motion,154,subject,The old man,9,20,29,male,1.0,secondary
73,1,overtake,11,19,7596,7604,96,0.0,2.0,7585.0,7587.0,,,,,verb.contact,155,subject,an old man,1,18,19,male,1.0,tertiary
73,2,found,33,38,7618,7623,96,0.0,2.0,7585.0,7587.0,47.0,84.0,7632.0,7669.0,verb.perception,156,subject,an old man,1,18,19,male,1.0,tertiary
73,3,descended,75,84,7660,7669,96,53.0,64.0,7638.0,7649.0,,,,,verb.motion,157,subject,an old man,1,18,19,male,1.0,tertiary
74,0,saw,8,11,7679,7682,96,5.0,7.0,7676.0,7678.0,,,,,verb.perception,158,subject,an old man,1,18,19,male,1.0,tertiary
74,2,found,59,64,7730,7735,96,56.0,58.0,7727.0,7729.0,,,,,verb.perception,160,subject,an old man,1,18,19,male,1.0,tertiary
75,0,hid,3,6,7787,7790,96,0.0,2.0,7784.0,7786.0,15.0,86.0,7799.0,7870.0,verb.perception,161,subject,an old man,1,18,19,male,1.0,tertiary
75,2,see,65,68,7849,7852,96,56.0,58.0,7840.0,7842.0,,,,,verb.perception,162,subject,an old man,1,18,19,male,1.0,tertiary
76,0,heard,11,16,7883,7888,96,8.0,10.0,7880.0,7882.0,32.0,61.0,7904.0,7933.0,verb.perception,163,subject,an old man,1,18,19,male,1.0,tertiary
76,1,trembled,43,51,7915,7923,96,40.0,42.0,7912.0,7914.0,,,,,verb.body,164,subject,an old man,1,18,19,male,1.0,tertiary
77,0,took,8,12,7943,7947,96,5.0,7.0,7940.0,7942.0,21.0,56.0,7956.0,7991.0,verb.cognition,165,subject,an old man,1,18,19,male,1.0,tertiary
77,2,saw,61,64,7996,7999,96,58.0,60.0,7993.0,7995.0,,,,,verb.perception,166,subject,an old man,1,18,19,male,1.0,tertiary
78,0,became,23,29,8048,8054,96,14.0,22.0,8039.0,8047.0,,,,,verb.change,167,subject,an old man,1,18,19,male,1.0,tertiary
80,0,seated,9,15,8221,8227,105,4.0,8.0,8216.0,8220.0,27.0,39.0,8239.0,8251.0,verb.contact,169,subject,twelve handsome youths,1,6,7,group/nonbinary,1.0,tertiary
80,3,said,96,100,8308,8312,105,45.0,56.0,8257.0,8268.0,,,,,verb.communication,170,subject,twelve handsome youths,1,6,7,group/nonbinary,1.0,tertiary
83,0,said,17,21,8430,8434,105,5.0,16.0,8418.0,8429.0,,,,,verb.communication,173,subject,twelve handsome youths,1,6,7,group/nonbinary,1.0,tertiary
83,0,said,17,21,8430,8434,106,5.0,16.0,8418.0,8429.0,,,,,verb.communication,173,subject,twelve handsome youths's of them,1,3,4,male,1.0,tertiary
84,0,burnt,37,42,8531,8536,171,4.0,31.0,8498.0,8525.0,,,,,verb.contact,172,subject,the cruel mother,2,0,2,female,1.0,tertiary
85,1,wept,17,21,8572,8576,106,14.0,16.0,8569.0,8571.0,,,,,verb.body,174,subject,twelve handsome youths's of them,1,3,4,male,1.0,tertiary
86,0,rose,16,20,8603,8607,107,5.0,15.0,8592.0,8602.0,,,,,verb.motion,176,subject,The youths,2,2,4,unknown,0.0,tertiary
86,2,turned,76,82,8663,8669,107,5.0,15.0,8592.0,8602.0,106.0,111.0,8693.0,8698.0,verb.change,177,subject,The youths,2,2,4,unknown,0.0,tertiary
87,1,returned,32,40,8747,8755,15,5.0,16.0,8720.0,8731.0,,,,,verb.motion,178,subject,The old man,9,20,29,male,1.0,secondary
88,0,heard,14,19,8806,8811,15,11.0,13.0,8803.0,8805.0,,,,,verb.cognition,180,subject,The old man,9,20,29,male,1.0,secondary
89,1,obtained,39,47,8952,8960,15,0.0,2.0,8913.0,8915.0,,,,,verb.possession,181,subject,The old man,9,20,29,male,1.0,secondary
89,2,told,81,85,8994,8998,15,0.0,2.0,8913.0,8915.0,,,,,verb.communication,183,subject,The old man,9,20,29,male,1.0,secondary
89,4,seen,122,126,9035,9039,15,96.0,114.0,9009.0,9027.0,,,,,verb.perception,182,subject,The old man,9,20,29,male,1.0,secondary
90,1,finished,17,25,9084,9092,15,14.0,16.0,9081.0,9083.0,,,,,verb.change,184,subject,The old man,9,20,29,male,1.0,secondary
90,2,asked,44,49,9111,9116,54,31.0,43.0,9098.0,9110.0,,,,,verb.communication,185,subject,The Princess,13,50,63,female,1.0,primary
90,4,find,71,75,9138,9142,15,62.0,64.0,9129.0,9131.0,,,,,verb.possession,186,subject,The old man,9,20,29,male,1.0,secondary
91,0,answered,10,18,9177,9185,15,7.0,9.0,9174.0,9176.0,,,,,verb.communication,187,subject,The old man,9,20,29,male,1.0,secondary
92,0,desired,12,19,9212,9219,54,8.0,11.0,9208.0,9211.0,24.0,52.0,9224.0,9252.0,verb.emotion,188,subject,The Princess,13,50,63,female,1.0,primary
92,1,guide,27,32,9227,9232,15,20.0,23.0,9220.0,9223.0,45.0,52.0,9245.0,9252.0,verb.motion,189,subject,The old man,9,20,29,male,1.0,secondary
93,2,hid,56,59,9310,9313,15,53.0,55.0,9307.0,9309.0,64.0,88.0,9318.0,9342.0,verb.contact,190,subject,The old man,9,20,29,male,1.0,secondary
93,3,advised,93,100,9347,9354,15,53.0,55.0,9307.0,9309.0,,,,,verb.communication,191,subject,The old man,9,20,29,male,1.0,secondary
93,5,placed,133,139,9387,9393,15,130.0,132.0,9384.0,9386.0,167.0,171.0,9421.0,9425.0,verb.creation,192,subject,The old man,9,20,29,male,1.0,secondary
94,3,recognised,105,115,9532,9542,54,92.0,104.0,9519.0,9531.0,,,,,verb.cognition,194,subject,The Princess,13,50,63,female,1.0,primary
95,0,held,17,21,9632,9636,15,5.0,16.0,9620.0,9631.0,,,,,verb.contact,196,subject,The old man,9,20,29,male,1.0,secondary
96,0,seated,11,17,9658,9664,107,0.0,10.0,9647.0,9657.0,29.0,41.0,9676.0,9688.0,verb.contact,197,subject,The youths,2,2,4,unknown,0.0,tertiary
97,0,said,20,24,9709,9713,67,9.0,19.0,9698.0,9708.0,,,,,verb.communication,199,subject,the Prince,5,22,27,male,1.0,secondary
99,1,restrain,24,32,9898,9906,54,5.0,17.0,9879.0,9891.0,41.0,50.0,9915.0,9924.0,verb.contact,198,subject,The Princess,13,50,63,female,1.0,primary
99,2,ran,56,59,9930,9933,54,5.0,17.0,9879.0,9891.0,,,,,verb.motion,200,subject,The Princess,13,50,63,female,1.0,primary
99,3,threw,72,77,9946,9951,54,5.0,17.0,9879.0,9891.0,,,,,verb.contact,201,subject,The Princess,13,50,63,female,1.0,primary
100,0,knew,19,23,9999,10003,11,16.0,18.0,9996.0,9998.0,28.0,33.0,10008.0,10013.0,verb.cognition,202,subject,The old woman's husband,6,8,14,male,1.0,tertiary
100,3,remember,53,61,10033,10041,54,49.0,52.0,10029.0,10032.0,,,,,verb.cognition,204,subject,The Princess,13,50,63,female,1.0,primary
100,4,told,68,72,10048,10052,11,66.0,67.0,10046.0,10047.0,77.0,85.0,10057.0,10065.0,verb.communication,203,subject,The old woman's husband,6,8,14,male,1.0,tertiary
100,6,betray,101,107,10081,10087,54,91.0,94.0,10071.0,10074.0,,,,,verb.social,206,subject,The Princess,13,50,63,female,1.0,primary
101,0,see,8,11,10100,10103,54,4.0,7.0,10096.0,10099.0,,,,,verb.cognition,208,subject,The Princess,13,50,63,female,1.0,primary
101,1,spoke,19,24,10111,10116,11,17.0,18.0,10109.0,10110.0,,,,,verb.communication,207,subject,The old woman's husband,6,8,14,male,1.0,tertiary
103,2,remain,31,37,10190,10196,11,18.0,19.0,10177.0,10178.0,48.0,64.0,10207.0,10223.0,verb.change,209,subject,The old woman's husband,6,8,14,male,1.0,tertiary
105,1,said,37,41,10314,10318,54,3.0,15.0,10280.0,10292.0,,,,,verb.communication,211,subject,The Princess,13,50,63,female,1.0,primary
105,5,staying,111,118,10388,10395,15,106.0,107.0,10383.0,10384.0,,,,,verb.motion,212,subject,The old man,9,20,29,male,1.0,secondary
106,2,told,64,68,10467,10471,15,38.0,49.0,10441.0,10452.0,,,,,verb.communication,214,subject,The old man,9,20,29,male,1.0,secondary
106,4,ceased,154,160,10557,10563,15,151.0,153.0,10554.0,10556.0,,,,,verb.change,215,subject,The old man,9,20,29,male,1.0,secondary
106,6,became,180,186,10583,10589,15,151.0,153.0,10554.0,10556.0,,,,,verb.change,216,subject,The old man,9,20,29,male,1.0,secondary
106,7,returned,213,221,10616,10624,130,208.0,212.0,10611.0,10615.0,227.0,235.0,10630.0,10638.0,verb.motion,217,subject,The Princess's parents,1,3,4,group/nonbinary,1.0,tertiary
0,1,had,43,46,43,46,4,47.0,72.0,47.0,72.0,,,,,verb.possession,0,direct_object,three children,1,0,1,unknown,0.0,tertiary
0,1,had,43,46,43,46,3,47.0,72.0,47.0,72.0,,,,,verb.possession,0,direct_object,a wife,1,0,1,female,1.0,tertiary
1,2,caught,62,68,136,142,2,69.0,83.0,143.0,157.0,,,,,verb.contact,1,direct_object,a fisherman who had a wife and three children,1,8,9,female,1.0,tertiary
1,3,sold,72,76,146,150,5,77.0,88.0,151.0,162.0,,,,,verb.possession,3,direct_object,the King,12,23,35,male,1.0,secondary
4,5,heard,129,134,531,536,7,135.0,216.0,537.0,618.0,,,,,verb.perception,6,direct_object,The old woman,5,12,17,female,1.0,tertiary
4,6,said,150,154,552,556,7,157.0,216.0,559.0,618.0,,,,,verb.communication,8,direct_object,The old woman,5,12,17,female,1.0,tertiary
4,9,lets,195,199,597,601,7,200.0,216.0,602.0,618.0,,,,,verb.contact,7,direct_object,The old woman,5,12,17,female,1.0,tertiary
5,1,saw,43,46,664,667,9,47.0,83.0,668.0,704.0,,,,,verb.perception,11,direct_object,the little creature,1,0,1,unknown,0.0,tertiary
5,1,saw,43,46,664,667,10,47.0,83.0,668.0,704.0,,,,,verb.perception,11,direct_object,the Golden Crab,1,0,1,unknown,0.0,tertiary
8,0,said,4,8,763,767,0,10.0,61.0,769.0,820.0,,,,,verb.communication,13,direct_object,the Crab,8,7,15,male,1.0,tertiary
8,0,said,4,8,763,767,7,10.0,61.0,769.0,820.0,,,,,verb.communication,13,direct_object,The old woman,5,12,17,female,1.0,tertiary
9,0,took,9,13,831,835,0,14.0,17.0,836.0,839.0,18.0,20.0,840.0,842.0,verb.possession,12,direct_object,the Crab,8,7,15,male,1.0,tertiary
9,1,placed,25,31,847,853,0,32.0,35.0,854.0,857.0,,,,,verb.contact,14,direct_object,the Crab,8,7,15,male,1.0,tertiary
10,2,heard,71,76,940,945,14,77.0,126.0,946.0,995.0,,,,,verb.perception,16,direct_object,the Crab,10,32,42,male,1.0,primary
10,3,saying,101,107,970,976,14,110.0,126.0,979.0,995.0,,,,,verb.communication,15,direct_object,the Crab,10,32,42,male,1.0,primary
10,4,give,110,114,979,983,14,115.0,117.0,984.0,986.0,118.0,126.0,,,verb.possession,17,direct_object,the Crab,10,32,42,male,1.0,primary
11,1,gave,44,48,1042,1046,0,49.0,52.0,1047.0,1050.0,,,,,verb.possession,18,direct_object,the Crab,8,7,15,male,1.0,tertiary
12,6,became,159,165,1228,1234,0,166.0,187.0,1235.0,1256.0,,,,,verb.change,21,direct_object,the Crab,8,7,15,male,1.0,tertiary
13,0,said,17,21,1275,1279,17,22.0,45.0,1280.0,1303.0,,,,,verb.communication,22,direct_object,the fisherman 's wife,3,2,5,female,1.0,tertiary
13,0,said,17,21,1275,1279,139,22.0,45.0,1280.0,1303.0,,,,,verb.communication,22,direct_object,the King's younger daughter,1,0,1,unknown,0.0,tertiary
13,0,said,17,21,1275,1279,16,22.0,45.0,1280.0,1303.0,,,,,verb.communication,22,direct_object,the fisherman,4,0,4,unknown,0.0,tertiary
13,0,said,17,21,1275,1279,5,22.0,45.0,1280.0,1303.0,,,,,verb.communication,22,direct_object,the King,12,23,35,male,1.0,secondary
13,0,said,17,21,1275,1279,0,22.0,45.0,1280.0,1303.0,,,,,verb.communication,22,direct_object,the Crab,8,7,15,male,1.0,tertiary
13,2,tell,67,71,1325,1329,5,72.0,75.0,1330.0,1333.0,,,,,verb.communication,24,direct_object,the King,12,23,35,male,1.0,secondary
13,2,tell,67,71,1325,1329,139,72.0,75.0,1330.0,1333.0,,,,,verb.communication,24,direct_object,the King's younger daughter,1,0,1,unknown,0.0,tertiary
13,2,tell,67,71,1325,1329,0,72.0,75.0,1330.0,1333.0,,,,,verb.communication,24,direct_object,the Crab,8,7,15,male,1.0,tertiary
13,3,wish,78,82,1336,1340,5,83.0,112.0,1341.0,1370.0,,,,,verb.emotion,23,direct_object,the King,12,23,35,male,1.0,secondary
13,3,wish,78,82,1336,1340,139,83.0,112.0,1341.0,1370.0,,,,,verb.emotion,23,direct_object,the King's younger daughter,1,0,1,unknown,0.0,tertiary
13,4,marry,86,91,1344,1349,5,92.0,112.0,1350.0,1370.0,,,,,verb.social,25,direct_object,the King,12,23,35,male,1.0,secondary
13,4,marry,86,91,1344,1349,139,92.0,112.0,1350.0,1370.0,,,,,verb.social,25,direct_object,the King's younger daughter,1,0,1,unknown,0.0,tertiary
14,1,laid,36,40,1409,1413,20,41.0,51.0,1414.0,1424.0,,,,,verb.cognition,27,direct_object,the King's daughter,2,1,3,female,1.0,tertiary
14,1,laid,36,40,1409,1413,21,41.0,51.0,1414.0,1424.0,,,,,verb.cognition,27,direct_object,a prudent monarch,1,0,1,unknown,0.0,tertiary
14,1,laid,36,40,1409,1413,22,41.0,51.0,1414.0,1424.0,,,,,verb.cognition,27,direct_object,a prince in disguise,1,0,1,male,1.0,tertiary
14,1,laid,36,40,1409,1413,5,41.0,51.0,1414.0,1424.0,,,,,verb.cognition,27,direct_object,the King,12,23,35,male,1.0,secondary
14,1,laid,36,40,1409,1413,0,41.0,51.0,1414.0,1424.0,,,,,verb.cognition,27,direct_object,the Crab,8,7,15,male,1.0,tertiary
14,2,laughed,73,80,1446,1453,5,90.0,135.0,1463.0,1508.0,,,,,verb.body,29,direct_object,the King,12,23,35,male,1.0,secondary
14,2,laughed,73,80,1446,1453,20,90.0,135.0,1463.0,1508.0,,,,,verb.body,29,direct_object,the King's daughter,2,1,3,female,1.0,tertiary
14,7,knew,220,224,1593,1597,0,225.0,276.0,1598.0,1649.0,,,,,verb.cognition,31,direct_object,the Crab,8,7,15,male,1.0,tertiary
14,7,knew,220,224,1593,1597,22,225.0,276.0,1598.0,1649.0,,,,,verb.cognition,31,direct_object,a prince in disguise,1,0,1,male,1.0,tertiary
15,0,said,3,7,1654,1658,17,20.0,43.0,1671.0,1694.0,,,,,verb.communication,32,direct_object,the fisherman 's wife,3,2,5,female,1.0,tertiary
15,0,said,3,7,1654,1658,142,20.0,43.0,1671.0,1694.0,,,,,verb.communication,32,direct_object,the King's daughter,2,0,2,unknown,0.0,tertiary
15,0,said,3,7,1654,1658,16,20.0,43.0,1671.0,1694.0,,,,,verb.communication,32,direct_object,the fisherman,4,0,4,unknown,0.0,tertiary
15,0,said,3,7,1654,1658,5,20.0,43.0,1671.0,1694.0,,,,,verb.communication,32,direct_object,the King,12,23,35,male,1.0,secondary
15,0,said,3,7,1654,1658,14,20.0,43.0,1671.0,1694.0,,,,,verb.communication,32,direct_object,the Crab,10,32,42,male,1.0,primary
15,0,said,3,7,1654,1658,140,20.0,43.0,1671.0,1694.0,,,,,verb.communication,32,direct_object,old woman,1,0,1,female,1.0,tertiary
15,1,go,46,48,1697,1699,140,50.0,59.0,1701.0,1710.0,,,,,verb.motion,33,direct_object,old woman,1,0,1,female,1.0,tertiary
15,2,tell,65,69,1716,1720,142,70.0,259.0,1721.0,1910.0,,,,,verb.communication,34,direct_object,the King's daughter,2,0,2,unknown,0.0,tertiary
15,2,tell,65,69,1716,1720,5,70.0,259.0,1721.0,1910.0,,,,,verb.communication,34,direct_object,the King,12,23,35,male,1.0,secondary
15,2,tell,65,69,1716,1720,14,70.0,259.0,1721.0,1910.0,,,,,verb.communication,34,direct_object,the Crab,10,32,42,male,1.0,primary
15,4,give,86,90,1737,1741,142,91.0,94.0,1742.0,1745.0,,,,,verb.possession,35,direct_object,the King's daughter,2,0,2,unknown,0.0,tertiary
15,4,give,86,90,1737,1741,5,91.0,94.0,1742.0,1745.0,,,,,verb.possession,35,direct_object,the King,12,23,35,male,1.0,secondary
15,4,give,86,90,1737,1741,14,91.0,94.0,1742.0,1745.0,,,,,verb.possession,35,direct_object,the Crab,10,32,42,male,1.0,primary
15,6,build,138,143,1789,1794,5,144.0,172.0,1795.0,1823.0,,,,,verb.creation,36,direct_object,the King,12,23,35,male,1.0,secondary
17,0,gave,14,18,1981,1985,17,19.0,22.0,1986.0,1989.0,,,,,verb.possession,38,direct_object,the fisherman 's wife,3,2,5,female,1.0,tertiary
17,1,said,41,45,2008,2012,17,48.0,188.0,2015.0,2155.0,,,,,verb.communication,41,direct_object,the fisherman 's wife,3,2,5,female,1.0,tertiary
17,1,said,41,45,2008,2012,5,48.0,188.0,2015.0,2155.0,,,,,verb.communication,41,direct_object,the King,12,23,35,male,1.0,secondary
17,3,strike,55,61,2022,2028,17,62.0,75.0,2029.0,2042.0,76.0,103.0,,,verb.contact,40,direct_object,the fisherman 's wife,3,2,5,female,1.0,tertiary
17,3,strike,55,61,2022,2028,5,62.0,75.0,2029.0,2042.0,76.0,103.0,,,verb.contact,40,direct_object,the King,12,23,35,male,1.0,secondary
17,4,showed,132,138,2099,2105,17,139.0,142.0,2106.0,2109.0,,,,,verb.perception,39,direct_object,the fisherman 's wife,3,2,5,female,1.0,tertiary
19,2,think,51,56,2251,2256,5,57.0,63.0,2257.0,2263.0,,,,,verb.cognition,45,direct_object,the King,12,23,35,male,1.0,secondary
21,1,said,45,49,2379,2383,5,50.0,56.0,2384.0,2390.0,,,,,verb.communication,47,direct_object,the King,12,23,35,male,1.0,secondary
21,1,said,45,49,2379,2383,148,50.0,56.0,2384.0,2390.0,,,,,verb.communication,47,direct_object,the King's Majesty,1,0,1,unknown,0.0,tertiary
22,1,said,25,29,2462,2466,5,30.0,38.0,2467.0,2475.0,,,,,verb.communication,48,direct_object,the King,12,23,35,male,1.0,secondary
24,0,gave,13,17,2817,2821,5,18.0,29.0,2822.0,2833.0,,,,,verb.communication,50,direct_object,the King,12,23,35,male,1.0,secondary
25,0,said,14,18,2898,2902,38,19.0,39.0,2903.0,2923.0,,,,,verb.communication,51,direct_object,the old fisherman,1,6,7,male,1.0,tertiary
27,2,ask,36,39,3024,3027,38,40.0,43.0,3028.0,3031.0,,,,,verb.communication,53,direct_object,the old fisherman,1,6,7,male,1.0,tertiary
28,0,answer,0,6,3051,3057,38,7.0,10.0,3058.0,3061.0,11.0,15.0,,,verb.communication,55,direct_object,the old fisherman,1,6,7,male,1.0,tertiary
28,2,sent,47,51,3098,3102,38,52.0,54.0,3103.0,3105.0,,,,,verb.communication,54,direct_object,the old fisherman,1,6,7,male,1.0,tertiary
28,2,sent,47,51,3098,3102,154,52.0,54.0,3103.0,3105.0,,,,,verb.communication,54,direct_object,the King's master,2,3,5,male,1.0,tertiary
28,2,sent,47,51,3098,3102,14,52.0,54.0,3103.0,3105.0,,,,,verb.communication,54,direct_object,the Crab,10,32,42,male,1.0,primary
28,3,tell,58,62,3109,3113,38,63.0,66.0,3114.0,3117.0,,,,,verb.communication,56,direct_object,the old fisherman,1,6,7,male,1.0,tertiary
28,3,tell,58,62,3109,3113,154,63.0,66.0,3114.0,3117.0,,,,,verb.communication,56,direct_object,the King's master,2,3,5,male,1.0,tertiary
28,5,send,81,85,3132,3136,154,86.0,89.0,3137.0,3140.0,,,,,verb.communication,57,direct_object,the King's master,2,3,5,male,1.0,tertiary
29,0,make,2,6,3185,3189,38,7.0,137.0,3190.0,3320.0,,,,,verb.social,58,direct_object,the old fisherman,1,6,7,male,1.0,tertiary
29,0,make,2,6,3185,3189,15,7.0,137.0,3190.0,3320.0,,,,,verb.social,58,direct_object,The old man,9,20,29,male,1.0,secondary
29,0,make,2,6,3185,3189,154,7.0,137.0,3190.0,3320.0,,,,,verb.social,58,direct_object,the King's master,2,3,5,male,1.0,tertiary
29,1,give,11,15,3194,3198,38,16.0,19.0,3199.0,3202.0,21.0,28.0,3204.0,3211.0,verb.possession,59,direct_object,the old fisherman,1,6,7,male,1.0,tertiary
29,1,give,11,15,3194,3198,15,16.0,19.0,3199.0,3202.0,21.0,28.0,3204.0,3211.0,verb.possession,59,direct_object,The old man,9,20,29,male,1.0,secondary
29,4,bring,116,121,3299,3304,15,122.0,131.0,3305.0,3314.0,,,,,verb.motion,60,direct_object,The old man,9,20,29,male,1.0,secondary
30,0,bring,4,9,3326,3331,15,10.0,12.0,3332.0,3334.0,13.0,17.0,,,verb.motion,61,direct_object,The old man,9,20,29,male,1.0,secondary
31,1,did,21,24,3382,3385,15,25.0,35.0,3386.0,3396.0,,,,,verb.social,64,direct_object,The old man,9,20,29,male,1.0,secondary
32,4,carried,145,152,3543,3550,14,153.0,156.0,3551.0,3554.0,157.0,227.0,3555.0,3625.0,verb.contact,66,direct_object,the Crab,10,32,42,male,1.0,primary
32,5,presented,187,196,3585,3594,44,197.0,214.0,3595.0,3612.0,,,,,verb.possession,67,direct_object,the Crab's bride,1,0,1,unknown,0.0,tertiary
32,5,presented,187,196,3585,3594,14,197.0,214.0,3595.0,3612.0,,,,,verb.possession,67,direct_object,the Crab,10,32,42,male,1.0,primary
33,2,made,84,88,3711,3715,47,89.0,120.0,3716.0,3747.0,,,,,verb.change,68,direct_object,the Crab's young wife,1,1,2,female,1.0,tertiary
33,2,made,84,88,3711,3715,14,89.0,120.0,3716.0,3747.0,,,,,verb.change,68,direct_object,the Crab,10,32,42,male,1.0,primary
33,3,told,126,130,3753,3757,47,131.0,134.0,3758.0,3761.0,,,,,verb.communication,70,direct_object,the Crab's young wife,1,1,2,female,1.0,tertiary
33,3,told,126,130,3753,3757,52,131.0,134.0,3758.0,3761.0,,,,,verb.communication,70,direct_object,a man only at night,1,0,1,male,1.0,tertiary
33,3,told,126,130,3753,3757,51,131.0,134.0,3758.0,3761.0,,,,,verb.communication,70,direct_object,a crab,1,0,1,unknown,0.0,tertiary
33,3,told,126,130,3753,3757,49,131.0,134.0,3758.0,3761.0,,,,,verb.communication,70,direct_object,the greatest king in the world,1,0,1,male,1.0,tertiary
33,3,told,126,130,3753,3757,14,131.0,134.0,3758.0,3761.0,,,,,verb.communication,70,direct_object,the Crab,10,32,42,male,1.0,primary
33,3,told,126,130,3753,3757,48,131.0,134.0,3758.0,3761.0,,,,,verb.communication,70,direct_object,the son of the greatest king in the world,1,0,1,male,1.0,tertiary
34,1,change,19,25,3921,3927,14,26.0,33.0,3928.0,3935.0,48.0,69.0,3950.0,3971.0,verb.change,71,direct_object,the Crab,10,32,42,male,1.0,primary
35,1,said,17,21,3990,3994,53,22.0,89.0,3995.0,4062.0,,,,,verb.communication,74,direct_object,a handsome youth,1,0,1,unknown,0.0,tertiary
35,1,said,17,21,3990,3994,14,22.0,89.0,3995.0,4062.0,,,,,verb.communication,74,direct_object,the Crab,10,32,42,male,1.0,primary
35,2,shook,35,40,4008,4013,14,41.0,48.0,4014.0,4021.0,,,,,verb.contact,73,direct_object,the Crab,10,32,42,male,1.0,primary
35,5,forced,119,125,4092,4098,14,126.0,165.0,4099.0,4138.0,,,,,verb.social,75,direct_object,the Crab,10,32,42,male,1.0,primary
35,6,creep,129,134,4102,4107,14,146.0,165.0,4119.0,4138.0,,,,,verb.motion,77,direct_object,the Crab,10,32,42,male,1.0,primary
37,0,behaved,83,90,4262,4269,14,91.0,97.0,4270.0,4276.0,,,,,verb.body,76,direct_object,the Crab,10,32,42,male,1.0,primary
37,1,surprised,99,108,4278,4287,55,109.0,125.0,4288.0,4304.0,126.0,135.0,4305.0,4314.0,verb.emotion,79,direct_object,the royal family,1,3,4,group/nonbinary,1.0,tertiary
39,1,had,42,45,4447,4450,1,46.0,77.0,4451.0,4482.0,,,,,verb.possession,83,direct_object,Benjamin,1,0,1,unknown,0.0,tertiary
39,1,had,42,45,4447,4450,54,46.0,77.0,4451.0,4482.0,,,,,verb.possession,83,direct_object,The Princess,13,50,63,female,1.0,primary
39,1,had,42,45,4447,4450,57,46.0,77.0,4451.0,4482.0,,,,,verb.possession,83,direct_object,a son,1,0,1,unknown,0.0,tertiary
39,2,called,62,68,4467,4473,1,69.0,77.0,4474.0,4482.0,,,,,verb.communication,84,direct_object,Benjamin,1,0,1,unknown,0.0,tertiary
41,0,said,12,16,4556,4560,5,17.0,28.0,4561.0,4572.0,,,,,verb.communication,86,direct_object,the King,12,23,35,male,1.0,secondary
41,0,said,12,16,4556,4560,61,17.0,28.0,4561.0,4572.0,,,,,verb.communication,86,direct_object,another husband,1,0,1,male,1.0,tertiary
41,0,said,12,16,4556,4560,0,17.0,28.0,4561.0,4572.0,,,,,verb.communication,86,direct_object,the Crab,8,7,15,male,1.0,tertiary
41,0,said,12,16,4556,4560,20,17.0,28.0,4561.0,4572.0,,,,,verb.communication,86,direct_object,the King's daughter,2,1,3,female,1.0,tertiary
41,2,ask,46,49,4590,4593,5,50.0,62.0,4594.0,4606.0,,,,,verb.communication,87,direct_object,the King,12,23,35,male,1.0,secondary
41,2,ask,46,49,4590,4593,61,50.0,62.0,4594.0,4606.0,,,,,verb.communication,87,direct_object,another husband,1,0,1,male,1.0,tertiary
41,2,ask,46,49,4590,4593,0,50.0,62.0,4594.0,4606.0,,,,,verb.communication,87,direct_object,the Crab,8,7,15,male,1.0,tertiary
41,2,ask,46,49,4590,4593,20,50.0,62.0,4594.0,4606.0,,,,,verb.communication,87,direct_object,the King's daughter,2,1,3,female,1.0,tertiary
41,4,like,85,89,4629,4633,61,90.0,133.0,4634.0,4677.0,,,,,verb.emotion,88,direct_object,another husband,1,0,1,male,1.0,tertiary
41,4,like,85,89,4629,4633,0,90.0,133.0,4634.0,4677.0,,,,,verb.emotion,88,direct_object,the Crab,8,7,15,male,1.0,tertiary
41,5,have,93,97,4637,4641,61,98.0,133.0,4642.0,4677.0,,,,,verb.social,89,direct_object,another husband,1,0,1,male,1.0,tertiary
41,5,have,93,97,4637,4641,0,98.0,133.0,4642.0,4677.0,,,,,verb.social,89,direct_object,the Crab,8,7,15,male,1.0,tertiary
42,2,answered,46,54,4725,4733,62,57.0,107.0,4736.0,4786.0,,,,,verb.communication,91,direct_object,the daughter,1,11,12,female,1.0,tertiary
42,2,answered,46,54,4725,4733,14,57.0,107.0,4736.0,4786.0,,,,,verb.communication,91,direct_object,the Crab,10,32,42,male,1.0,primary
43,0,said,14,18,4803,4807,159,19.0,25.0,4808.0,4814.0,,,,,verb.communication,93,direct_object,all the princes in the world's one of them,1,0,1,male,1.0,tertiary
43,0,said,14,18,4803,4807,157,19.0,25.0,4808.0,4814.0,,,,,verb.communication,93,direct_object,all the princes in the world,1,1,2,male,1.0,tertiary
43,0,said,14,18,4803,4807,5,19.0,25.0,4808.0,4814.0,,,,,verb.communication,93,direct_object,the King,12,23,35,male,1.0,secondary
43,0,said,14,18,4803,4807,62,19.0,25.0,4808.0,4814.0,,,,,verb.communication,93,direct_object,the daughter,1,11,12,female,1.0,tertiary
43,0,said,14,18,4803,4807,14,19.0,25.0,4808.0,4814.0,,,,,verb.communication,93,direct_object,the Crab,10,32,42,male,1.0,primary
43,4,invite,83,89,4872,4878,157,90.0,118.0,4879.0,4907.0,,,,,verb.communication,95,direct_object,all the princes in the world,1,1,2,male,1.0,tertiary
43,5,pleases,149,156,4938,4945,62,157.0,160.0,4946.0,4949.0,,,,,verb.emotion,96,direct_object,the daughter,1,11,12,female,1.0,tertiary
43,7,marry,172,177,4961,4966,14,178.0,181.0,4967.0,4970.0,,,,,verb.social,98,direct_object,the Crab,10,32,42,male,1.0,primary
44,0,told,28,32,5001,5005,153,33.0,37.0,5006.0,5010.0,,,,,verb.communication,97,direct_object,a black man,2,0,2,male,1.0,tertiary
44,0,told,28,32,5001,5005,62,33.0,37.0,5006.0,5010.0,,,,,verb.communication,97,direct_object,the daughter,1,11,12,female,1.0,tertiary
44,0,told,28,32,5001,5005,14,33.0,37.0,5006.0,5010.0,,,,,verb.communication,97,direct_object,the Crab,10,32,42,male,1.0,primary
44,1,said,55,59,5028,5032,153,60.0,66.0,5033.0,5039.0,,,,,verb.communication,100,direct_object,a black man,2,0,2,male,1.0,tertiary
44,1,said,55,59,5028,5032,62,60.0,66.0,5033.0,5039.0,,,,,verb.communication,100,direct_object,the daughter,1,11,12,female,1.0,tertiary
44,1,said,55,59,5028,5032,14,60.0,66.0,5033.0,5039.0,,,,,verb.communication,100,direct_object,the Crab,10,32,42,male,1.0,primary
44,7,say,160,163,5133,5136,62,164.0,170.0,5137.0,5143.0,,,,,verb.communication,101,direct_object,the daughter,1,11,12,female,1.0,tertiary
44,7,say,160,163,5133,5136,14,164.0,170.0,5137.0,5143.0,,,,,verb.communication,101,direct_object,the Crab,10,32,42,male,1.0,primary
44,9,called,188,194,5161,5167,14,195.0,197.0,5168.0,5170.0,,,,,verb.communication,99,direct_object,the Crab,10,32,42,male,1.0,primary
45,0,answer,0,6,5204,5210,14,7.0,10.0,5211.0,5214.0,11.0,15.0,,,verb.communication,103,direct_object,the Crab,10,32,42,male,1.0,primary
45,2,sent,43,47,5247,5251,14,48.0,50.0,5252.0,5254.0,58.0,134.0,5262.0,5338.0,verb.motion,102,direct_object,the Crab,10,32,42,male,1.0,primary
45,3,tell,61,65,5265,5269,54,66.0,69.0,5270.0,5273.0,,,,,verb.communication,104,direct_object,The Princess,13,50,63,female,1.0,primary
45,3,tell,61,65,5265,5269,14,66.0,69.0,5270.0,5273.0,,,,,verb.communication,104,direct_object,the Crab,10,32,42,male,1.0,primary
45,4,send,73,77,5277,5281,14,78.0,81.0,5282.0,5285.0,,,,,verb.motion,105,direct_object,the Crab,10,32,42,male,1.0,primary
46,0,bring,6,11,5347,5352,54,12.0,16.0,5353.0,5357.0,,,,,verb.motion,106,direct_object,The Princess,13,50,63,female,1.0,primary
47,1,brought,25,32,5391,5398,14,33.0,36.0,5399.0,5402.0,,,,,verb.contact,107,direct_object,the Crab,10,32,42,male,1.0,primary
48,1,dressed,33,40,5453,5460,67,41.0,48.0,5461.0,5468.0,49.0,67.0,5469.0,5487.0,verb.body,109,direct_object,the Prince,5,22,27,male,1.0,secondary
49,1,said,18,22,5507,5511,8,23.0,34.0,5512.0,5523.0,,,,,verb.communication,111,direct_object,a fisherman who had a wife and three children's wife,4,10,14,female,1.0,tertiary
49,1,said,18,22,5507,5511,67,23.0,34.0,5512.0,5523.0,,,,,verb.communication,111,direct_object,the Prince,5,22,27,male,1.0,secondary
49,1,said,18,22,5507,5511,0,23.0,34.0,5512.0,5523.0,,,,,verb.communication,111,direct_object,the Crab,8,7,15,male,1.0,tertiary
49,2,mind,41,45,5530,5534,8,46.0,95.0,5535.0,5584.0,,,,,verb.communication,112,direct_object,a fisherman who had a wife and three children's wife,4,10,14,female,1.0,tertiary
49,2,mind,41,45,5530,5534,0,46.0,95.0,5535.0,5584.0,,,,,verb.communication,112,direct_object,the Crab,8,7,15,male,1.0,tertiary
49,2,mind,41,45,5530,5534,67,46.0,95.0,5535.0,5584.0,,,,,verb.communication,112,direct_object,the Prince,5,22,27,male,1.0,secondary
49,4,say,57,60,5546,5549,8,61.0,95.0,5550.0,5584.0,,,,,verb.communication,114,direct_object,a fisherman who had a wife and three children's wife,4,10,14,female,1.0,tertiary
49,4,say,57,60,5546,5549,0,61.0,95.0,5550.0,5584.0,,,,,verb.communication,114,direct_object,the Crab,8,7,15,male,1.0,tertiary
49,4,say,57,60,5546,5549,67,61.0,95.0,5550.0,5584.0,,,,,verb.communication,114,direct_object,the Prince,5,22,27,male,1.0,secondary
49,5,see,70,73,5559,5562,67,74.0,76.0,5563.0,5565.0,,,,,verb.perception,113,direct_object,the Prince,5,22,27,male,1.0,secondary
51,0,place,0,5,5627,5632,8,6.0,14.0,5633.0,5641.0,15.0,46.0,,,verb.contact,115,direct_object,a fisherman who had a wife and three children's wife,4,10,14,female,1.0,tertiary
52,2,throw,20,25,5694,5699,8,26.0,29.0,5700.0,5703.0,,,,,verb.contact,117,direct_object,a fisherman who had a wife and three children's wife,4,10,14,female,1.0,tertiary
53,1,ask,34,37,5756,5759,8,38.0,41.0,5760.0,5763.0,,,,,verb.communication,118,direct_object,a fisherman who had a wife and three children's wife,4,10,14,female,1.0,tertiary
53,1,ask,34,37,5756,5759,67,38.0,41.0,5760.0,5763.0,,,,,verb.communication,118,direct_object,the Prince,5,22,27,male,1.0,secondary
53,3,say,52,55,5774,5777,8,56.0,76.0,5778.0,5798.0,,,,,verb.communication,120,direct_object,a fisherman who had a wife and three children's wife,4,10,14,female,1.0,tertiary
54,0,saying,3,9,5804,5810,8,11.0,71.0,5812.0,5872.0,,,,,verb.communication,121,direct_object,a fisherman who had a wife and three children's wife,4,10,14,female,1.0,tertiary
54,0,saying,3,9,5804,5810,67,11.0,71.0,5812.0,5872.0,,,,,verb.communication,121,direct_object,the Prince,5,22,27,male,1.0,secondary
54,1,kissed,14,20,5815,5821,8,21.0,24.0,5822.0,5825.0,,,,,verb.contact,122,direct_object,a fisherman who had a wife and three children's wife,4,10,14,female,1.0,tertiary
54,2,repeated,26,34,5827,5835,67,35.0,46.0,5836.0,5847.0,47.0,56.0,5848.0,5857.0,verb.communication,123,direct_object,the Prince,5,22,27,male,1.0,secondary
56,1,threw,34,39,5990,5995,54,40.0,49.0,5996.0,6005.0,,,,,verb.contact,126,direct_object,The Princess,13,50,63,female,1.0,primary
57,1,went,30,34,6047,6051,54,43.0,54.0,6060.0,6071.0,,,,,verb.motion,128,direct_object,The Princess,13,50,63,female,1.0,primary
58,2,seem,51,55,6168,6172,75,56.0,88.0,6173.0,6205.0,,,,,verb.perception,130,direct_object,any of the Princes,1,0,1,male,1.0,tertiary
58,2,seem,51,55,6168,6172,76,56.0,88.0,6173.0,6205.0,,,,,verb.perception,130,direct_object,the Princes,1,0,1,male,1.0,tertiary
58,3,care,59,63,6176,6180,75,64.0,88.0,6181.0,6205.0,,,,,verb.emotion,129,direct_object,any of the Princes,1,0,1,male,1.0,tertiary
58,3,care,59,63,6176,6180,76,64.0,88.0,6181.0,6205.0,,,,,verb.emotion,129,direct_object,the Princes,1,0,1,male,1.0,tertiary
60,0,gave,14,18,6265,6269,8,19.0,27.0,6270.0,6278.0,48.0,133.0,6299.0,6384.0,verb.communication,133,direct_object,a fisherman who had a wife and three children's wife,4,10,14,female,1.0,tertiary
60,0,gave,14,18,6265,6269,14,19.0,27.0,6270.0,6278.0,48.0,133.0,6299.0,6384.0,verb.communication,133,direct_object,the Crab,10,32,42,male,1.0,primary
60,1,received,94,102,6345,6353,79,103.0,121.0,6354.0,6372.0,,,,,verb.possession,132,direct_object,the black man,1,0,1,male,1.0,tertiary
61,1,said,48,52,6434,6438,54,53.0,64.0,6439.0,6450.0,,,,,verb.communication,134,direct_object,The Princess,13,50,63,female,1.0,primary
61,1,said,48,52,6434,6438,8,53.0,64.0,6439.0,6450.0,,,,,verb.communication,134,direct_object,a fisherman who had a wife and three children's wife,4,10,14,female,1.0,tertiary
61,1,said,48,52,6434,6438,67,53.0,64.0,6439.0,6450.0,,,,,verb.communication,134,direct_object,the Prince,5,22,27,male,1.0,secondary
61,2,know,73,77,6459,6463,54,78.0,103.0,6464.0,6489.0,,,,,verb.cognition,135,direct_object,The Princess,13,50,63,female,1.0,primary
61,2,know,73,77,6459,6463,67,78.0,103.0,6464.0,6489.0,,,,,verb.cognition,135,direct_object,the Prince,5,22,27,male,1.0,secondary
61,4,betray,87,93,6473,6479,67,94.0,96.0,6480.0,6482.0,97.0,103.0,6483.0,6489.0,verb.communication,137,direct_object,the Prince,5,22,27,male,1.0,secondary
62,0,swore,8,13,6500,6505,54,14.0,20.0,6506.0,6512.0,,,,,verb.communication,136,direct_object,The Princess,13,50,63,female,1.0,primary
62,0,swore,8,13,6500,6505,67,14.0,20.0,6506.0,6512.0,,,,,verb.communication,136,direct_object,the Prince,5,22,27,male,1.0,secondary
62,2,tell,40,44,6532,6536,67,45.0,55.0,6537.0,6547.0,,,,,verb.communication,140,direct_object,the Prince,5,22,27,male,1.0,secondary
63,0,repeated,8,16,6557,6565,67,17.0,28.0,6566.0,6577.0,,,,,verb.communication,139,direct_object,the Prince,5,22,27,male,1.0,secondary
64,3,threw,144,149,6737,6742,54,150.0,153.0,6743.0,6746.0,,,,,verb.possession,142,direct_object,The Princess,13,50,63,female,1.0,primary
65,1,gave,37,41,6802,6806,54,42.0,45.0,6807.0,6810.0,,,,,verb.possession,144,direct_object,The Princess,13,50,63,female,1.0,primary
66,0,exclaimed,27,36,6921,6930,167,39.0,63.0,6933.0,6957.0,,,,,verb.communication,145,direct_object,the Crab himself's Crab himself,1,1,2,unknown,0.0,tertiary
70,1,leave,12,17,7240,7245,54,18.0,30.0,7246.0,7258.0,,,,,verb.cognition,151,direct_object,The Princess,13,50,63,female,1.0,primary
71,1,dip,39,42,7342,7345,96,43.0,88.0,7346.0,7391.0,90.0,116.0,7393.0,7419.0,verb.contact,150,direct_object,an old man,1,18,19,male,1.0,tertiary
71,6,snatched,124,132,7427,7435,96,133.0,142.0,7436.0,7445.0,,,,,verb.contact,153,direct_object,an old man,1,18,19,male,1.0,tertiary
72,4,following,95,104,7570,7579,96,105.0,108.0,7580.0,7583.0,,,,,verb.motion,154,direct_object,an old man,1,18,19,male,1.0,tertiary
73,2,found,33,38,7618,7623,96,39.0,46.0,7624.0,7631.0,47.0,84.0,7632.0,7669.0,verb.perception,156,direct_object,an old man,1,18,19,male,1.0,tertiary
74,3,set,89,92,7760,7763,102,93.0,111.0,7764.0,7782.0,,,,,verb.creation,159,direct_object,twelve persons,1,0,1,unknown,0.0,tertiary
75,0,hid,3,6,7787,7790,96,7.0,14.0,7791.0,7798.0,15.0,86.0,7799.0,7870.0,verb.perception,161,direct_object,an old man,1,18,19,male,1.0,tertiary
79,4,changed,105,112,8175,8182,105,113.0,140.0,8183.0,8210.0,,,,,verb.change,168,direct_object,twelve handsome youths,1,6,7,group/nonbinary,1.0,tertiary
80,0,seated,9,15,8221,8227,105,16.0,26.0,8228.0,8238.0,27.0,39.0,8239.0,8251.0,verb.contact,169,direct_object,twelve handsome youths,1,6,7,group/nonbinary,1.0,tertiary
80,3,said,96,100,8308,8312,105,103.0,124.0,8315.0,8336.0,,,,,verb.communication,170,direct_object,twelve handsome youths,1,6,7,group/nonbinary,1.0,tertiary
80,3,said,96,100,8308,8312,168,103.0,124.0,8315.0,8336.0,,,,,verb.communication,170,direct_object,twelve handsome youths's father,1,0,1,male,1.0,tertiary
81,0,said,12,16,8351,8355,105,19.0,40.0,8358.0,8379.0,,,,,verb.communication,171,direct_object,twelve handsome youths,1,6,7,group/nonbinary,1.0,tertiary
81,0,said,12,16,8351,8355,169,19.0,40.0,8358.0,8379.0,,,,,verb.communication,171,direct_object,twelve handsome youths's mother,1,0,1,female,1.0,tertiary
83,0,said,17,21,8430,8434,106,24.0,79.0,8437.0,8492.0,,,,,verb.communication,173,direct_object,twelve handsome youths's of them,1,3,4,male,1.0,tertiary
83,0,said,17,21,8430,8434,170,24.0,79.0,8437.0,8492.0,,,,,verb.communication,173,direct_object,twelve handsome youths's of them's dearest lady,2,2,4,female,1.0,tertiary
84,0,burnt,37,42,8531,8536,106,43.0,58.0,8537.0,8552.0,,,,,verb.contact,172,direct_object,twelve handsome youths's of them,1,3,4,male,1.0,tertiary
85,0,saying,7,13,8562,8568,106,14.0,30.0,8569.0,8585.0,,,,,verb.communication,175,direct_object,twelve handsome youths's of them,1,3,4,male,1.0,tertiary
86,2,turned,76,82,8663,8669,107,83.0,93.0,8670.0,8680.0,106.0,111.0,8693.0,8698.0,verb.change,177,direct_object,The youths,2,2,4,unknown,0.0,tertiary
88,0,heard,14,19,8806,8811,54,20.0,45.0,8812.0,8837.0,,,,,verb.cognition,180,direct_object,The Princess,13,50,63,female,1.0,primary
88,5,told,108,112,8900,8904,54,113.0,119.0,8905.0,8911.0,,,,,verb.communication,179,direct_object,The Princess,13,50,63,female,1.0,primary
89,1,obtained,39,47,8952,8960,54,48.0,75.0,8961.0,8988.0,,,,,verb.possession,181,direct_object,The Princess,13,50,63,female,1.0,primary
89,2,told,81,85,8994,8998,54,86.0,89.0,8999.0,9002.0,,,,,verb.communication,183,direct_object,The Princess,13,50,63,female,1.0,primary
89,2,told,81,85,8994,8998,15,86.0,89.0,8999.0,9002.0,,,,,verb.communication,183,direct_object,The old man,9,20,29,male,1.0,secondary
90,2,asked,44,49,9111,9116,15,50.0,53.0,9117.0,9120.0,,,,,verb.communication,185,direct_object,The old man,9,20,29,male,1.0,secondary
92,0,desired,12,19,9212,9219,15,20.0,23.0,9220.0,9223.0,24.0,52.0,9224.0,9252.0,verb.emotion,188,direct_object,The old man,9,20,29,male,1.0,secondary
92,1,guide,27,32,9227,9232,54,33.0,44.0,9233.0,9244.0,45.0,52.0,9245.0,9252.0,verb.motion,189,direct_object,The Princess,13,50,63,female,1.0,primary
93,2,hid,56,59,9310,9313,54,60.0,63.0,9314.0,9317.0,64.0,88.0,9318.0,9342.0,verb.contact,190,direct_object,The Princess,13,50,63,female,1.0,primary
93,3,advised,93,100,9347,9354,54,101.0,104.0,9355.0,9358.0,,,,,verb.communication,191,direct_object,The Princess,13,50,63,female,1.0,primary
93,5,placed,133,139,9387,9393,15,140.0,147.0,9394.0,9401.0,167.0,171.0,9421.0,9425.0,verb.creation,192,direct_object,The old man,9,20,29,male,1.0,secondary
94,2,changed,41,48,9468,9475,120,49.0,59.0,9476.0,9486.0,,,,,verb.change,193,direct_object,young men,1,0,1,male,1.0,tertiary
94,3,recognised,105,115,9532,9542,11,116.0,127.0,9543.0,9554.0,,,,,verb.cognition,194,direct_object,The old woman's husband,6,8,14,male,1.0,tertiary
94,3,recognised,105,115,9532,9542,54,116.0,127.0,9543.0,9554.0,,,,,verb.cognition,194,direct_object,The Princess,13,50,63,female,1.0,primary
94,4,tried,150,155,9577,9582,54,156.0,187.0,9583.0,9614.0,,,,,verb.social,195,direct_object,The Princess,13,50,63,female,1.0,primary
95,0,held,17,21,9632,9636,54,22.0,25.0,9637.0,9640.0,,,,,verb.contact,196,direct_object,The Princess,13,50,63,female,1.0,primary
96,0,seated,11,17,9658,9664,107,18.0,28.0,9665.0,9675.0,29.0,41.0,9676.0,9688.0,verb.contact,197,direct_object,The youths,2,2,4,unknown,0.0,tertiary
97,0,said,20,24,9709,9713,67,66.0,122.0,9755.0,9811.0,,,,,verb.communication,199,direct_object,the Prince,5,22,27,male,1.0,secondary
97,0,said,20,24,9709,9713,170,66.0,122.0,9755.0,9811.0,,,,,verb.communication,199,direct_object,twelve handsome youths's of them's dearest lady,2,2,4,female,1.0,tertiary
99,1,restrain,24,32,9898,9906,54,33.0,40.0,9907.0,9914.0,41.0,50.0,9915.0,9924.0,verb.contact,198,direct_object,The Princess,13,50,63,female,1.0,primary
99,3,threw,72,77,9946,9951,11,78.0,92.0,9952.0,9966.0,,,,,verb.contact,201,direct_object,The old woman's husband,6,8,14,male,1.0,tertiary
99,3,threw,72,77,9946,9951,54,78.0,92.0,9952.0,9966.0,,,,,verb.contact,201,direct_object,The Princess,13,50,63,female,1.0,primary
100,0,knew,19,23,9999,10003,54,24.0,27.0,10004.0,10007.0,28.0,33.0,10008.0,10013.0,verb.cognition,202,direct_object,The Princess,13,50,63,female,1.0,primary
100,1,said,39,43,10019,10023,11,46.0,110.0,10026.0,10090.0,,,,,verb.communication,205,direct_object,The old woman's husband,6,8,14,male,1.0,tertiary
100,1,said,39,43,10019,10023,54,46.0,110.0,10026.0,10090.0,,,,,verb.communication,205,direct_object,The Princess,13,50,63,female,1.0,primary
100,3,remember,53,61,10033,10041,11,62.0,110.0,10042.0,10090.0,,,,,verb.cognition,204,direct_object,The old woman's husband,6,8,14,male,1.0,tertiary
100,3,remember,53,61,10033,10041,54,62.0,110.0,10042.0,10090.0,,,,,verb.cognition,204,direct_object,The Princess,13,50,63,female,1.0,primary
100,4,told,68,72,10048,10052,11,73.0,76.0,10053.0,10056.0,77.0,85.0,10057.0,10065.0,verb.communication,203,direct_object,The old woman's husband,6,8,14,male,1.0,tertiary
100,4,told,68,72,10048,10052,54,73.0,76.0,10053.0,10056.0,77.0,85.0,10057.0,10065.0,verb.communication,203,direct_object,The Princess,13,50,63,female,1.0,primary
100,6,betray,101,107,10081,10087,11,108.0,110.0,10088.0,10090.0,,,,,verb.social,206,direct_object,The old woman's husband,6,8,14,male,1.0,tertiary
101,0,see,8,11,10100,10103,11,12.0,34.0,10104.0,10126.0,,,,,verb.cognition,208,direct_object,The old woman's husband,6,8,14,male,1.0,tertiary
103,0,listen,4,10,10163,10169,11,11.0,16.0,10170.0,10175.0,,,,,verb.perception,210,direct_object,The old woman's husband,6,8,14,male,1.0,tertiary
105,1,said,37,41,10314,10318,15,42.0,56.0,10319.0,10333.0,,,,,verb.communication,211,direct_object,The old man,9,20,29,male,1.0,secondary
105,1,said,37,41,10314,10318,175,42.0,56.0,10319.0,10333.0,,,,,verb.communication,211,direct_object,The old man's parents,1,0,1,unknown,0.0,tertiary
105,3,tell,85,89,10362,10366,15,90.0,100.0,10367.0,10377.0,,,,,verb.communication,213,direct_object,The old man,9,20,29,male,1.0,secondary
105,3,tell,85,89,10362,10366,175,90.0,100.0,10367.0,10377.0,,,,,verb.communication,213,direct_object,The old man's parents,1,0,1,unknown,0.0,tertiary
106,2,told,64,68,10467,10471,130,69.0,73.0,10472.0,10476.0,,,,,verb.communication,214,direct_object,The Princess's parents,1,3,4,group/nonbinary,1.0,tertiary
106,4,ceased,154,160,10557,10563,133,161.0,175.0,10564.0,10578.0,,,,,verb.change,215,direct_object,an eagle,1,0,1,unknown,0.0,tertiary
106,6,became,180,186,10583,10589,134,187.0,202.0,10590.0,10605.0,,,,,verb.change,216,direct_object,a man,1,0,1,male,1.0,tertiary
